<?xml version="1.0" encoding="UTF-8" standalone="yes"?>
<addon id="plugin.video.PsychoTV"
       name="[COLOR white][B]Psycho[/COLOR][COLOR lawngreen]TV[/B][/COLOR]"
       version="2016.06.07"
       provider-name="Coelhon">
  <requires>
    <import addon="xbmc.python" version="2.1.0"/>
	<import addon="script.module.t0mm0.common" version="2.0.0"/>
    <import addon="script.module.beautifulsoup" version="3.2.1"/>
    <import addon="script.module.simple.downloader" version="0.9.4"/>
    <import addon="script.module.beautifulsoup4" />
    <import addon="script.module.simple.downloader" version="0.9.4"/>
    <import addon="script.module.requests" />
    <import addon="script.module.httplib2" />
    <import addon="script.module.youtube.dl" optional="true"/>
    <import addon="plugin.video.youtube" version="3.0.0"/>
    <import addon="script.module.urlresolver" optional="true"/>
    <import addon="script.module.simplejson" /> 
    <import addon="script.common.plugin.cache" version="2.5.2"/>
    <import addon="script.module.metahandler" version="2.5.1"/>
	<import addon="plugin.video.specto" />

  </requires>
  <extension point="xbmc.python.pluginsource" library="default.py">
    <provides>video</provides>
  </extension>
  <extension point="xbmc.addon.metadata">
    <summary lang="en">Lista de Canais e Filmes PsychoTV</summary>
    <description lang="en">Este Addon foi criado e desenvolvido pela Team[COLOR red][B] [R][/B][/COLOR][COLOR white][B]Evolution Media Center[/B][/COLOR] o mesmo nao se responsabiliza pelo que o uso do mesmo venha a causar.
	Tudo o que aqui se encontra está ao alcance de qualquer um na internet...Para mais novidades adere ao grupo[COLOR red][B] https://www.facebook.com/groups/RevolutionMC.Pt/[/COLOR][/B]</description>
    <platform>all</platform>
	 <broken>discontinued</broken>
  </extension>
</addon>
