<?xml version="1.0" encoding="UTF-8" standalone="yes"?>
<addon id="service.amobox" name="AMObox Update" version="1.0" provider-name="AMObox">
  <requires>
    <import addon="xbmc.python" version="2.1.0"/>
  </requires>
  <extension point="xbmc.service" library="service.py" start="startup" />
  <extension point="xbmc.addon.metadata">
    <summary lang="en">AMObox Build UPDATE</summary>
    <description lang="en">AMObox Build UPDATE Service"</description>
    <platform>all</platform>
  </extension>
</addon>
