<?xml version="1.0" encoding="UTF-8"?>
<addon id="plugin.program.revolutionnews" version="2.0.5" name="[COLOR red][R][/COLOR][COLOR white]Evolution News[/COLOR]" provider-name="[COLOR red][R][/COLOR][COLOR white]Evolution[/COLOR]">
  <requires>
  	<import addon="xbmc.python" version="2.1.0"/>
  	<import addon="script.module.addon.common" optional="true" />
  </requires>
  <extension point="xbmc.python.script" library="default.py">
    <provides>executable</provides>
  </extension>
  <extension point="xbmc.service" library="service.py" start="startup">
  </extension>
  <extension point="xbmc.addon.metadata">
		<summary>Notícias da [R]Evolution</summary>
		<description>Remember who we are, and let’s start a [COLOR red][R][/COLOR][COLOR white]Evolution[/COLOR]</description>
		<disclaimer></disclaimer>
  	<language>en</language>
  	<platform>all</platform>
  	<source></source>
  	<email></email>
  </extension>
</addon>
