﻿<?xml version="1.0" encoding="UTF-8" standalone="yes"?>
<addon id="revolution.repository" name="  [COLOR red][R][/COLOR][COLOR white]Evolution[/COLOR]" version="2016.06.07" provider-name="[COLOR red][R][/COLOR][COLOR white]Evolution[/COLOR]">
	<extension point="xbmc.addon.repository" name="Demonstration Add-on Repository">
		<info compressed="false">http://raw.github.com/RevolutionMC/Revolution/master/addons.xml</info>
		<checksum>http://raw.github.com/RevolutionMC/Revolution/master/addons.xml.md5</checksum>
		<datadir zip="true">http://raw.github.com/RevolutionMC/Revolution/master/repo/</datadir>
	</extension>
	<extension point="xbmc.addon.metadata">
		<summary>Repositorio da [R]Evolution</summary>
		<description>Remember who we are, and let’s start a [COLOR red][R][/COLOR][COLOR white]Evolution[/COLOR]</description>
		<disclaimer></disclaimer>
		<platform>all</platform>
		 <broken>discontinued</broken>
	</extension>
</addon>