<?xml version="1.0" encoding="UTF-8" standalone="yes"?>
<addon id="plugin.program.revolutionwiz" name="[COLOR red][R][/COLOR][COLOR white]Evolution Wizard[/COLOR]" version="2.0.0" provider-name="[COLOR red][R][/COLOR][COLOR white]Evolution[/COLOR]">
  <requires>
    <import addon="xbmc.python" version="2.1.0"/>
	<import addon="script.module.addon.common" />

  </requires>
  <extension point="xbmc.python.pluginsource" library="default.py">
        <provides>executable</provides>
  </extension>
  <extension point="xbmc.addon.metadata">
		<summary>Wizard da [R]Evolution</summary>
		<description>Remember who we are, and let’s start a [COLOR red][R][/COLOR][COLOR white]Evolution[/COLOR]</description>
		<disclaimer></disclaimer>    
	<platform>all</platform>
  </extension>
</addon>
