<?xml version="1.0" encoding="UTF-8" standalone="yes"?>
<addon id="plugin.video.tvdetodos"
       name="Tv de Todos"
       version="2.0.2"
       provider-name="Lacasitos">
  <requires>
    <import addon="xbmc.python" version="2.1.0"/>
    <import addon="script.module.beautifulsoup" version="3.2.1"/>
    <import addon="script.module.simple.downloader" version="0.9.4"/>
    <import addon="script.module.beautifulsoup4" />
    <import addon="script.module.requests" />
    <import addon="script.module.httplib2" />
    <import addon="script.module.youtube.dl" optional="true"/>
    <import addon="plugin.video.youtube" />
    <import addon="script.module.urlresolver" optional="true"/>
    <import addon="script.module.simplejson" />    
  </requires>
  <extension point="xbmc.python.pluginsource" library="default.py">
    <provides>video</provides>
  </extension>
  <extension point="xbmc.addon.metadata">
    <summary>TV DE TODOS - LACASITOS</summary>
    <description>
         Este addon foi criado para ser visto de forma gratuita.
         Todos os conteudos estao disponiveis pela internet.
         A Criacao do addon teve ajuda de AMObox
         Obrigado a todos/as...
        
    </description>
    <platform>all</platform>
  </extension>
</addon>
