<?xml version="1.0" encoding="UTF-8" standalone="yes"?>
<addon id="service.updater" name="[R]Evolution Updater"
	version="1.0.5" provider-name="[R]Evolution">
  <requires>
    <import addon="xbmc.python" version="2.1.0"/>
  </requires>
  <extension point="xbmc.python.pluginsource" library="default.py">
    <provides>executable</provides>
  </extension>
  <extension point="xbmc.addon.metadata">
    <summary lang="en">[R]Evolution Updater Functionality for Kodi</summary>
    <description lang="en">Easily Update your Kodi Configuration in One Simple Click!</description>
    <platform>all</platform>
  </extension>
</addon>
